video_channelSubscriber,video_viewCount,video_likeCount,video_commentCount,video_num_tag,video_title_len,video_description_len,total_hour_mv_teaser_publish,total_day_mv_published,video_viewCount_mv_official
31100000,351925.0,66416.0,4256.0,19.0,46,971.0,24.00611111111111,17.0,3687378.0
31100000,228344.0,25124.0,601.0,21.0,42,1040.0,24.0025,23.0,895058.0
31100000,1104028.0,174210.0,5337.0,13.0,32,458.0,41.9975,39.0,18365387.0
31100000,105908.0,13371.0,293.0,19.0,63,590.0,24.00583333333333,43.0,682233.0
31100000,404279.0,76742.0,7510.0,8.0,32,469.0,90.00805555555556,47.0,7791115.0
31100000,98689.0,9109.0,199.0,13.0,34,976.0,23.99111111111111,50.0,273268.0
31100000,1803500.0,204871.0,8010.0,42.0,42,680.0,47.995,58.0,83137411.0
31100000,44236.0,4361.0,171.0,13.0,38,514.0,23.995,66.0,115501.0
31100000,278515.0,39430.0,1809.0,10.0,32,413.0,41.99777777777778,74.0,12094891.0
31100000,128258.0,16966.0,750.0,12.0,61,812.0,23.9925,79.0,462299.0
31100000,401847.0,85334.0,2870.0,12.0,55,969.0,24.00583333333333,86.0,6508749.0
31100000,62259.0,4638.0,157.0,7.0,55,584.0,17.995555555555555,93.0,138437.0
31100000,2150315.0,206440.0,8450.0,22.0,47,517.0,17.99972222222222,99.0,49139364.0
31100000,2586735.0,258860.0,12787.0,22.0,47,517.0,42.000277777777775,99.0,49139364.0
31100000,467109.0,82791.0,2088.0,18.0,52,982.0,17.99361111111111,116.0,2421334.0
31100000,515327.0,33991.0,1824.0,9.0,33,407.0,28.83861111111111,117.0,2982800.0
31100000,330626.0,39995.0,2274.0,33.0,39,535.0,30.98611111111111,123.0,16346597.0
31100000,4736833.0,423594.0,23205.0,21.0,27,594.0,37.00083333333333,128.0,109126637.0
31100000,540158.0,56523.0,2734.0,33.0,39,536.0,138.98361111111112,123.0,16346597.0
31100000,163293.0,23047.0,1069.0,7.0,33,959.0,31.995833333333334,130.0,770534.0
31100000,322094.0,38705.0,917.0,19.0,66,605.0,24.008055555555554,134.0,2507659.0
31100000,49259.0,4058.0,79.0,13.0,72,884.0,23.9975,136.0,66801.0
31100000,416897.0,52255.0,3553.0,25.0,41,531.0,48.00611111111111,136.0,4958768.0
31100000,1126980.0,150239.0,4522.0,14.0,53,725.0,24.00583333333333,142.0,50962253.0
31100000,134123.0,28252.0,673.0,32.0,60,950.0,24.101944444444445,144.0,471982.0
31100000,1896674.0,372594.0,10370.0,28.0,36,476.0,41.99722222222222,166.0,70684185.0
31100000,349784.0,28216.0,919.0,9.0,31,542.0,23.99888888888889,173.0,2171291.0
31100000,168787.0,20325.0,836.0,13.0,25,912.0,114.0025,172.0,789191.0
31100000,589227.0,65381.0,2074.0,12.0,23,399.0,41.99111111111111,180.0,7274053.0
31100000,51498.0,8709.0,547.0,13.0,46,531.0,24.0025,193.0,635539.0
31100000,50557.0,8446.0,465.0,13.0,46,531.0,96.00305555555556,193.0,635539.0
31100000,137107.0,11935.0,336.0,9.0,39,912.0,24.005555555555556,198.0,382620.0
31100000,91680.0,13599.0,753.0,13.0,38,515.0,47.99638888888889,204.0,529525.0
31100000,388062.0,72617.0,2015.0,11.0,64,876.0,24.025277777777777,212.0,14211698.0
31100000,300259.0,42885.0,2918.0,11.0,24,410.0,41.99916666666667,215.0,10703033.0
31100000,326700.0,91537.0,6179.0,8.0,26,457.0,23.99888888888889,219.0,2725561.0
31100000,265638.0,65570.0,3774.0,6.0,32,455.0,42.01861111111111,222.0,4760338.0
31100000,294121.0,80470.0,4531.0,12.0,32,455.0,90.02472222222222,222.0,4760338.0
31100000,61408.0,4775.0,281.0,16.0,51,427.0,54.00833333333333,227.0,377641.0
31100000,709806.0,100280.0,2240.0,19.011019283746556,40,434.0,12.001944444444444,230.0,14175974.0
31100000,3406372.0,478610.0,16911.0,29.0,46,499.0,41.99638888888889,229.0,78629102.0
31100000,3966544.0,455259.0,21176.0,18.0,42,645.0,90.10944444444445,236.0,59495857.0
31100000,195445.0,34646.0,975.0,18.0,40,955.0,97.99694444444444,257.0,601157.0
31100000,64091.0,7342.0,611.0,14.0,58,584.0,23.99888888888889,264.0,226962.0
31100000,1494392.0,169944.0,5542.0,9.0,27,708.0,41.99944444444444,271.0,46309853.0
31100000,1174587.0,245920.0,10940.0,18.0,44,1000.0,41.99777777777778,281.0,16208612.0
31100000,71069.0,12450.0,514.0,19.0,43,475.0,126.00583333333333,291.0,801903.0
31100000,107546.0,16371.0,884.0,10.0,43,475.0,174.0063888888889,291.0,801903.0
31100000,1165296.0,126731.0,4129.0,11.0,43,486.0,41.993611111111115,299.0,15362718.0
31100000,121143.0,16163.0,659.0,5.0,35,555.0,18.096944444444443,303.0,13844568.0
31100000,49797.0,5954.0,193.0,10.0,32,395.0,23.99888888888889,304.0,183338.0
31100000,147135.0,11785.0,1523.0,12.0,34,673.0,24.001944444444444,309.0,185737.0
31100000,220985.0,27247.0,482.0,14.0,57,971.0,24.005555555555556,317.0,1401143.0
31100000,1187744.0,69795.0,1182.0,8.0,34,234.0,23.99861111111111,319.0,814832.0
31100000,294477.0,54795.0,2514.0,19.011019283746556,31,413.0,21.008055555555554,326.0,10071735.0
31100000,2378414.0,271253.0,7376.0,29.0,48,912.0,17.994444444444444,327.0,90862140.0
31100000,1433460.0,347564.0,11127.0,58.0,39,588.0,42.00388888888889,333.0,47932677.0
31100000,1625628.0,293133.0,8631.0,57.0,50,579.0,42.001666666666665,337.0,59886763.0
31100000,993272.0,203321.0,11215.0,13.0,26,530.0,42.00083333333333,347.0,44384061.0
31100000,81149.0,6945.0,148.0,20.0,75,803.0,24.00722222222222,351.0,145172.0
31100000,148721.0,14788.0,458.0,11.0,32,486.0,24.005555555555556,367.0,542912.0
31100000,473523.0,51550.0,1613.0,19.011019283746556,48,949.0,24.000833333333333,376.0,1946442.0
31100000,288554.0,34405.0,1240.0,17.0,46,480.0,91.98055555555555,375.0,2312579.0
31100000,238279.0,37018.0,1493.0,18.0,46,480.0,163.98083333333332,375.0,2312579.0
31100000,2376796.0,387349.0,18930.0,31.0,46,521.0,42.02611111111111,383.0,59851721.0
31100000,181923.0,26663.0,2279.0,19.011019283746556,28,465.0,20.002777777777776,388.0,2482713.0
31100000,156056.0,24830.0,1739.0,19.011019283746556,28,464.0,44.00472222222222,388.0,2482713.0
31100000,459677.0,53309.0,2012.0,19.011019283746556,52,881.0,17.99861111111111,393.0,1214751.0
31100000,555603.0,107693.0,4229.0,16.0,59,622.0,19.995277777777776,395.0,4531611.0
31100000,434342.0,71431.0,2850.0,19.0,59,622.0,43.995,395.0,4531611.0
31100000,245532.0,48706.0,2116.0,14.0,64,651.0,17.99388888888889,397.0,1857823.0
31100000,392729.0,56587.0,2063.0,12.0,29,490.0,41.98,411.0,12960062.0
31100000,326593.0,57151.0,2701.0,11.0,29,490.0,65.98583333333333,411.0,12960062.0
31100000,2882546.0,412199.0,21397.0,29.0,35,473.0,37.00222222222222,422.0,86911374.0
31100000,903007.0,103037.0,2548.0,19.011019283746556,50,999.0,24.0025,424.0,2594121.0
31100000,35161.0,3288.0,301.0,7.0,43,356.0,41.998333333333335,431.0,351484.0
31100000,90115.0,11293.0,657.0,6.0,43,356.0,138.00583333333333,431.0,351484.0
31100000,694263.0,99540.0,5499.0,12.0,41,401.0,42.00111111111111,439.0,9400522.0
31100000,812146.0,168666.0,4815.0,19.011019283746556,37,508.0,22.0,452.0,22776262.0
31100000,4641943.0,493686.0,25844.0,19.011019283746556,36,612.0,72.00694444444444,453.0,114535711.0
31100000,794472.0,82896.0,2457.0,18.0,43,400.0,30.0075,460.0,10863626.0
31100000,114594.0,10598.0,462.0,19.011019283746556,51,561.0,23.999166666666667,472.0,251622.0
31100000,1788872.0,357520.0,26228.0,19.011019283746556,24,568.0,89.99388888888889,474.0,26231286.0
31100000,1354900.0,147401.0,6695.0,10.0,30,368.0,41.99666666666667,494.0,37864454.0
31100000,166887.0,19539.0,1043.0,17.0,40,710.0,95.99888888888889,495.0,1142131.0
31100000,145541.0,15418.0,891.0,15.0,40,710.0,174.00083333333333,495.0,1142131.0
31100000,406360.0,65662.0,3445.0,14.0,34,879.0,51.0,501.0,4171624.0
31100000,1437149.0,327943.0,12223.0,19.011019283746556,41,534.0,42.0,502.0,95054658.0
31100000,516705.0,153052.0,8790.0,19.011019283746556,47,528.0,24.002777777777776,514.0,3540379.0
31100000,4593848.0,788139.0,149238.0,19.011019283746556,42,587.0,17.994444444444444,523.0,106522742.0
31100000,798893.0,138618.0,5820.0,19.011019283746556,29,652.0,41.99805555555555,530.0,29274385.0
31100000,780620.0,124961.0,4207.0,11.0,31,414.0,18.00027777777778,543.0,42661945.0
31100000,1048729.0,178023.0,7593.0,10.0,31,414.0,41.995,543.0,42661945.0
31100000,174890.0,26014.0,1747.0,9.0,37,490.0,71.99722222222222,558.0,1714527.0
31100000,158105.0,27690.0,2588.0,11.0,34,477.0,23.998055555555556,568.0,1403870.0
31100000,1344642.0,207771.0,9356.0,18.0,31,442.0,41.99527777777778,579.0,24469803.0
31100000,148248.0,20319.0,849.0,14.0,37,699.0,120.00083333333333,578.0,1241482.0
31100000,178772.0,24033.0,1273.0,16.0,37,699.0,167.99916666666667,578.0,1241482.0
31100000,831307.0,119261.0,2820.0,15.0,28,1003.0,78.00416666666666,582.0,14489935.0
31100000,676637.0,106044.0,8090.0,19.011019283746556,34,672.0,41.99944444444444,586.0,18062478.0
31100000,789751.0,135435.0,9594.0,19.011019283746556,34,672.0,65.99083333333333,586.0,18062478.0
31100000,637062.0,134491.0,16251.0,19.011019283746556,32,524.0,42.01555555555556,592.0,50819112.0
31100000,1102446.0,237351.0,24654.0,19.011019283746556,32,524.0,138.01388888888889,592.0,50819112.0
31100000,137570.0,17987.0,797.0,19.011019283746556,30,345.0,30.001666666666665,598.0,296767.0
31100000,571218.0,77613.0,6844.0,27.0,60,444.0,24.00111111111111,606.0,30339708.0
31100000,761607.0,92199.0,7953.0,26.0,61,445.0,95.99944444444445,606.0,30339708.0
31100000,705371.0,106898.0,10565.0,27.0,45,429.0,143.99694444444444,606.0,30339708.0
31100000,1738767.0,276164.0,14908.0,16.0,35,546.0,25.00138888888889,612.0,31439538.0
31100000,1474470.0,221777.0,11787.0,19.0,36,466.0,48.001666666666665,628.0,66750923.0
31100000,5667749.0,620123.0,43070.0,7.0,31,347.0,47.99888888888889,635.0,43355657.0
31100000,2117497.0,277531.0,15207.0,19.011019283746556,34,561.0,24.006944444444443,645.0,50298428.0
31100000,367216.0,42557.0,2161.0,21.0,34,501.0,17.998055555555556,656.0,10291755.0
31100000,195158.0,25339.0,932.0,9.0,41,710.0,95.99694444444444,655.0,2084526.0
31100000,527194.0,33954.0,2270.0,17.0,41,436.0,48.003055555555555,663.0,3227574.0
31100000,378826.0,24496.0,775.0,17.0,49,444.0,72.00083333333333,663.0,3227574.0
31100000,879785.0,199573.0,8165.0,19.011019283746556,43,418.0,196.00027777777777,678.0,10265692.0
31100000,882447.0,227174.0,8898.0,19.011019283746556,43,417.0,267.99583333333334,678.0,10265692.0
31100000,656602.0,85678.0,2513.0,15.0,41,454.0,42.00111111111111,697.0,15046788.0
31100000,2654222.0,549066.0,26343.0,19.011019283746556,42,482.0,44.025555555555556,708.0,120743258.0
31100000,2831569.0,585411.0,33964.0,19.011019283746556,42,486.0,68.02027777777778,708.0,120743258.0
31100000,360997.0,51115.0,1717.0,19.011019283746556,25,639.0,24.001666666666665,711.0,9398507.0
31100000,1733402.0,361377.0,18638.0,19.011019283746556,31,506.0,25.07,715.0,56288102.0
31100000,3464314.0,594259.0,75271.0,19.011019283746556,27,548.0,96.00055555555555,713.0,126671718.0
31100000,2353856.0,446973.0,24563.0,19.011019283746556,33,508.0,23.997777777777777,719.0,127410265.0
31100000,363369.0,83345.0,3336.0,17.0,41,655.0,18.00027777777778,722.0,3920860.0
31100000,572841.0,93957.0,5000.0,13.0,35,385.0,66.00055555555555,733.0,57620350.0
31100000,474708.0,69191.0,4970.0,19.011019283746556,48,351.0,96.00111111111111,736.0,6430953.0
31100000,1465279.0,361523.0,11688.0,19.011019283746556,33,507.0,23.998333333333335,754.0,69344331.0
31100000,1198812.0,344633.0,75679.0,6.0,29,390.0,48.00277777777778,758.0,11684813.0
31100000,160393.0,23691.0,1052.0,9.0,47,662.0,48.00111111111111,765.0,1730940.0
31100000,1044440.0,77197.0,1690.0,7.0,51,970.0,24.00138888888889,773.0,4694130.0
31100000,146989.0,21787.0,842.0,19.011019283746556,47,662.0,216.0011111111111,765.0,1730940.0
31100000,621187.0,59682.0,2109.0,7.0,52,970.0,48.0,773.0,4694130.0
31100000,222063.0,37071.0,1401.0,19.011019283746556,46,414.0,71.99916666666667,775.0,2917301.0
31100000,701220.0,153827.0,3947.0,19.011019283746556,47,971.0,24.00138888888889,779.0,36857374.0
31100000,697487.0,106900.0,3846.0,19.011019283746556,33,481.0,41.99916666666667,796.0,39633918.0
31100000,607234.0,104955.0,4810.0,19.011019283746556,33,481.0,65.99805555555555,796.0,39633918.0
31100000,221987.0,41684.0,1419.0,11.0,47,405.0,23.99861111111111,800.0,3379674.0
31100000,361918.0,64540.0,3129.0,19.0,47,405.0,72.00194444444445,800.0,3379674.0
31100000,1131587.0,297928.0,15106.0,19.011019283746556,41,758.0,24.0025,803.0,63929185.0
31100000,1287807.0,280475.0,10301.0,7.0,26,750.0,24.001944444444444,821.0,28696169.0
31100000,667267.0,133742.0,9104.0,19.011019283746556,28,367.0,18.0,830.0,8779072.0
31100000,830507.0,203045.0,7072.0,10.0,45,506.0,30.00583333333333,836.0,25032644.0
31100000,1148432.0,141474.0,5534.0,15.0,59,458.0,43.99666666666667,843.0,55899447.0
31100000,241850.0,33127.0,997.0,16.0,67,666.0,5.995555555555556,848.0,2005827.0
31100000,1031385.0,300688.0,13651.0,10.0,60,760.0,65.99888888888889,852.0,21062965.0
31100000,2866226.0,295228.0,10683.0,12.0,50,522.0,59.99861111111111,859.0,128426430.0
31100000,4795161.0,472198.0,22257.0,12.0,50,523.0,84.00055555555555,859.0,128426430.0
31100000,1570085.0,280422.0,14556.0,12.0,43,687.0,37.840555555555554,886.0,41158272.0
31100000,252974.0,41832.0,1620.0,22.0,67,505.0,72.00305555555556,887.0,5585338.0
31100000,253518.0,44414.0,2167.0,19.0,67,505.0,144.005,887.0,5585338.0
31100000,913009.0,183797.0,5393.0,14.0,32,558.0,18.004722222222224,901.0,76400142.0
31100000,1842195.0,347008.0,15297.0,8.0,32,558.0,65.99861111111112,901.0,76400142.0
31100000,1472080.0,279463.0,9452.0,19.011019283746556,33,534.0,53.99611111111111,907.0,44147577.0
31100000,541306.0,123525.0,4475.0,16.0,57,725.0,23.996944444444445,914.0,75799386.0
31100000,650301.0,154887.0,6585.0,16.0,57,725.0,47.99861111111111,914.0,75799386.0
31100000,85185.0,7567.0,219.0,13.0,71,220.0,23.996666666666666,919.0,381071.0
31100000,497497.0,63472.0,2152.0,9.0,31,404.0,65.99805555555555,922.0,11465385.0
31100000,2435555.0,365679.0,17653.0,19.011019283746556,35,439.0,24.01,927.0,79018272.0
31100000,278128.0,25094.0,782.0,15.0,42,330.0,23.9975,950.0,6374293.0
31100000,302560.0,27103.0,1216.0,15.0,42,330.0,47.99916666666667,950.0,6374293.0
31100000,286317.0,73319.0,2926.0,15.0,42,551.0,41.99444444444445,957.0,13950916.0
31100000,384586.0,101916.0,5204.0,16.0,42,552.0,66.00194444444445,957.0,13950916.0
31100000,974312.0,94683.0,3008.0,11.0,31,404.0,1409.9997222222223,922.0,11465385.0
31100000,1921961.0,272795.0,12503.0,19.011019283746556,44,594.0,24.00027777777778,983.0,165402213.0
31100000,48427.0,2806.0,127.0,12.0,44,256.0,23.99972222222222,984.0,268040.0
31100000,90589.0,8213.0,279.0,9.0,27,180.0,23.99972222222222,993.0,305723.0
31100000,302822.0,49031.0,2230.0,12.0,51,435.0,54.00555555555555,997.0,1367245.0
31100000,799750.0,106895.0,5544.0,29.0,39,441.0,54.000277777777775,1019.0,21463052.0
31100000,335049.0,47990.0,1348.0,16.0,47,449.0,102.0,1019.0,21463052.0
31100000,501412.0,71886.0,2506.0,16.0,47,449.0,126.00166666666667,1019.0,21463052.0
31100000,507801.0,73136.0,3316.0,14.0,47,449.0,150.00194444444443,1019.0,21463052.0
31100000,302871.0,39086.0,1002.0,6.0,45,662.0,42.0,1032.0,6411520.0
31100000,56815.0,3589.0,165.0,13.0,45,341.0,29.99861111111111,1059.0,307043.0
31100000,63810.0,5001.0,181.0,12.0,31,342.0,23.99888888888889,1060.0,262719.0
31100000,114966.0,11580.0,375.0,19.011019283746556,55,245.0,23.997777777777777,1063.0,3436151.0
31100000,184961.0,36536.0,813.0,10.0,72,812.0,24.38277777777778,1065.0,10131851.0
31100000,136901.0,13605.0,317.0,12.0,45,393.0,41.999722222222225,1067.0,990714.0
31100000,3589437.0,525271.0,33053.0,23.0,28,399.0,6.001111111111111,1081.0,158686953.0
31100000,90270.0,15625.0,2074.0,5.0,37,320.0,54.00055555555556,1086.0,1054802.0
31100000,120838.0,20996.0,3707.0,5.0,37,320.0,101.99944444444445,1086.0,1054802.0
31100000,62183.0,7574.0,182.0,19.011019283746556,60,727.0,5.999722222222222,1101.0,1463175.0
31100000,57628.0,6140.0,164.0,19.011019283746556,60,727.0,23.997222222222224,1101.0,1463175.0
31100000,393194.0,76835.0,3340.0,12.0,30,452.0,23.999166666666667,1103.0,75922027.0
31100000,482340.0,88189.0,4159.0,8.0,36,473.0,17.996388888888887,1110.0,19688641.0
31100000,647344.0,52740.0,1927.0,12.0,36,561.0,68.00277777777778,1111.0,39295874.0
31100000,793051.0,73430.0,1884.0,14.0,36,560.0,116.00083333333333,1111.0,39295874.0
31100000,741203.0,74719.0,3820.0,28.0,44,429.0,173.9988888888889,1122.0,36260881.0
31100000,802282.0,95571.0,5596.0,19.011019283746556,44,429.0,245.73,1122.0,36260881.0
31100000,694181.0,99504.0,6550.0,24.0,40,424.0,53.304722222222225,1135.0,16397171.0
31100000,2813698.0,360974.0,18070.0,17.0,30,688.0,109.00111111111111,1136.0,119754012.0
31100000,347745.0,70399.0,2928.0,12.0,44,482.0,29.99972222222222,1139.0,10626122.0
31100000,386054.0,89238.0,3980.0,13.0,44,482.0,78.00027777777778,1139.0,10626122.0
31100000,58946.0,4185.0,87.0,8.0,62,174.0,24.0025,1148.0,130312.0
31100000,76766.0,5877.0,242.0,5.0,49,382.0,144.00083333333333,1171.0,195493.0
31100000,2023553.0,184098.0,4972.0,22.0,46,504.0,6.001944444444445,1181.0,48777413.0
31100000,127233.0,9951.0,298.0,7.0,56,411.0,24.0,1194.0,288929.0
31100000,154410.0,9849.0,992.0,7.0,48,257.0,27336.005,59.0,90325.0
31100000,439188.0,37607.0,1055.0,8.0,57,616.0,330.0027777777778,1186.0,2586687.0
31100000,1385469.0,220098.0,5870.0,11.0,33,606.0,24.00111111111111,1206.0,149143022.0
31100000,484908.0,90248.0,2425.0,10.0,60,572.0,47.00111111111111,1209.0,46793279.0
31100000,1001953.0,225161.0,5414.0,8.0,36,551.0,23.968333333333334,1210.0,31958519.0
31100000,101964.0,7751.0,245.0,8.0,41,340.0,42.000277777777775,1211.0,1250795.0
31100000,447721.0,98483.0,3475.0,11.0,46,826.0,24.047777777777778,1213.0,21537606.0
31100000,246389.0,27910.0,1042.0,8.0,40,339.0,89.99361111111111,1211.0,1250795.0
31100000,1453188.0,290971.0,12501.0,9.0,34,595.0,137.9986111111111,1221.0,51329370.0
31100000,200092.0,13385.0,262.0,6.0,42,295.0,24.000555555555554,1230.0,210691.0
31100000,254709.0,17729.0,1040.0,8.0,36,471.0,23.99888888888889,1232.0,19822418.0
31100000,230630.0,18586.0,833.0,8.0,36,471.0,48.00111111111111,1232.0,19822418.0
31100000,297823.0,23431.0,1910.0,8.0,36,471.0,72.00222222222222,1232.0,19822418.0
31100000,2359341.0,216174.0,7284.0,17.0,71,736.0,17.9775,1242.0,100839339.0
31100000,5357066.0,382536.0,14282.0,7.0,45,691.0,41.973055555555554,1242.0,100839339.0
31100000,362976.0,53957.0,4794.0,6.0,32,492.0,102.00055555555555,1243.0,4384359.0
31100000,272784.0,18516.0,647.0,7.0,33,474.0,26.499166666666667,1249.0,4538641.0
31100000,305043.0,17811.0,612.0,8.0,33,474.0,50.5,1249.0,4538641.0
31100000,351748.0,28691.0,1016.0,6.0,38,308.0,32.492777777777775,1257.0,1536502.0
31100000,353541.0,39026.0,1144.0,11.0,54,535.0,18.0,1262.0,6075179.0
31100000,390263.0,30187.0,573.0,11.0,98,401.0,24.000555555555554,1264.0,1606287.0
31100000,526456.0,61102.0,2397.0,9.0,54,535.0,65.99944444444445,1262.0,6075179.0
31100000,44574.0,3473.0,118.0,5.0,44,341.0,48.00083333333333,1266.0,85706.0
31100000,69970.0,5878.0,209.0,5.0,37,334.0,71.99944444444445,1266.0,88448.0
31100000,1132146.0,184353.0,7503.0,14.0,38,570.0,30.00027777777778,1268.0,51424818.0
31100000,65652.0,5826.0,341.0,13.0,48,913.0,71.99972222222222,1269.0,638273.0
31100000,173535.0,29909.0,1272.0,9.0,37,519.0,66.00083333333333,1273.0,2777496.0
31100000,29276.0,2108.0,119.0,8.0,48,910.0,216.00027777777777,1269.0,638273.0
31100000,691830.0,81773.0,2787.0,6.0,29,749.0,47.99777777777778,1282.0,7976764.0
31100000,797535.0,129560.0,5892.0,21.0,36,561.0,20.00027777777778,1283.0,35373731.0
31100000,509278.0,135617.0,6247.0,11.0,43,778.0,23.99972222222222,1283.0,11385269.0
31100000,410100.0,100064.0,3164.0,14.0,53,827.0,23.999166666666667,1297.0,10531253.0
31100000,197331.0,28528.0,1735.0,9.0,45,560.0,126.0,1298.0,2073678.0
31100000,359905.0,55723.0,2225.0,6.0,53,559.0,77.99944444444445,1308.0,7380016.0
31100000,408603.0,67844.0,4136.0,11.0,53,559.0,149.99916666666667,1308.0,7380016.0
31100000,447188.0,104797.0,5409.0,9.0,54,735.0,52.99944444444444,1322.0,25046059.0
31100000,139980.0,20206.0,924.0,12.0,53,164.0,30.000833333333333,1323.0,2075303.0
31100000,161342.0,29162.0,1192.0,10.0,46,770.0,24.106666666666666,1325.0,3095189.0
31100000,189141.0,25436.0,1440.0,11.0,49,869.0,23.999166666666667,1339.0,3679817.0
31100000,69137.0,5331.0,271.0,12.0,51,655.0,17.99861111111111,1354.0,554856.0
31100000,277708.0,35886.0,1260.0,19.011019283746556,50,424.0,113.99972222222222,1350.0,8215261.0
31100000,104915.0,18168.0,587.0,11.0,45,743.0,24.00027777777778,1367.0,1316094.0
31100000,142304.0,23352.0,1341.0,9.0,50,516.0,71.99916666666667,1369.0,872809.0
31100000,645189.0,77150.0,3453.0,10.0,29,329.0,64.7238888888889,1370.0,47840226.0
31100000,952556.0,98863.0,4913.0,11.0,29,329.0,113.99888888888889,1370.0,47840226.0
31100000,257330.0,43754.0,3471.0,8.0,57,537.0,48.00111111111111,1376.0,1464992.0
31100000,402338.0,79763.0,2487.0,13.0,42,546.0,23.997777777777777,1388.0,6710786.0
31100000,26434.0,2243.0,90.0,8.0,42,552.0,23.99888888888889,1388.0,276081.0
31100000,1071323.0,171781.0,11561.0,21.0,35,559.0,23.99972222222222,1395.0,20937343.0
31100000,55620.0,6239.0,202.0,11.0,56,748.0,24.001666666666665,1402.0,581921.0
31100000,2041652.0,201856.0,9811.0,15.0,37,206.0,23.998333333333335,1407.0,21054136.0
31100000,124975.0,16826.0,1232.0,12.0,33,356.0,24.000833333333333,1409.0,1022695.0
31100000,162727.0,25186.0,612.0,19.011019283746556,64,780.0,23.999166666666667,1416.0,12940212.0
31100000,174927.0,15048.0,537.0,12.0,31,333.0,30.000555555555554,1417.0,4904428.0
31100000,177328.0,18478.0,777.0,14.0,31,333.0,54.00055555555556,1417.0,4904428.0
31100000,62328.0,7754.0,567.0,5.0,45,406.0,72.00055555555555,1417.0,320469.0
31100000,205227.0,21464.0,1253.0,6.0,52,363.0,72.00055555555555,1427.0,3661618.0
31100000,251165.0,27998.0,1055.0,14.0,84,1050.0,24.99861111111111,1430.0,4948587.0
31100000,53847.0,4453.0,225.0,19.011019283746556,28,245.0,120.00194444444445,1431.0,529582.0
31100000,269543.0,39088.0,2722.0,8.0,24,319.0,42.0,1438.0,3669834.0
31100000,69261.0,7786.0,446.0,8.0,48,752.0,24.00111111111111,1443.0,1900230.0
31100000,4002523.0,364627.0,19364.0,16.0,48,376.0,41.999722222222225,1443.0,74514167.0
31100000,162781.0,26893.0,835.0,10.0,85,1011.0,23.998055555555556,1444.0,2315529.0
31100000,232606.0,34744.0,1580.0,11.0,61,366.0,77.99972222222222,1447.0,8504008.0
31100000,1839029.0,255264.0,11887.0,29.0,38,416.0,47.99888888888889,1451.0,81484057.0
31100000,243858.0,26669.0,1191.0,6.0,40,470.0,42.001666666666665,1460.0,5714074.0
31100000,115428.0,15224.0,608.0,7.0,45,389.0,24.560277777777777,1467.0,3818684.0
31100000,279408.0,39937.0,1290.0,7.0,45,389.0,72.56027777777778,1467.0,3818684.0
31100000,333302.0,50221.0,2219.0,6.0,45,389.0,120.55944444444444,1467.0,3818684.0
31100000,336220.0,28253.0,1032.0,6.0,27,230.0,54.000277777777775,1480.0,7188728.0
31100000,316096.0,26114.0,1527.0,19.011019283746556,27,230.0,126.00027777777778,1480.0,7188728.0
31100000,558655.0,73889.0,3165.0,8.0,71,328.0,23.99972222222222,1485.0,14452263.0
31100000,406754.0,70760.0,3671.0,8.0,27,310.0,24.00111111111111,1485.0,12171095.0
31100000,625951.0,133271.0,7850.0,7.0,35,432.0,24.200277777777778,1498.0,8356326.0
31100000,439187.0,43557.0,2548.0,6.0,34,313.0,66.00027777777778,1500.0,8716251.0
31100000,691390.0,67216.0,2887.0,12.0,61,260.0,24.00027777777778,1506.0,57777215.0
31100000,1057599.0,190597.0,9834.0,15.0,61,383.0,23.99888888888889,1520.0,32305427.0
31100000,3398331.0,253944.0,21562.0,16.0,63,423.0,42.00222222222222,1529.0,160709055.0
31100000,1388225.0,196005.0,8269.0,18.0,37,481.0,23.99972222222222,1535.0,81541066.0
31100000,1451172.0,235831.0,23175.0,15.0,50,362.0,48.00194444444445,1534.0,16578159.0
31100000,379344.0,47867.0,2015.0,13.0,63,342.0,79.32722222222222,1549.0,17153417.0
31100000,461062.0,62011.0,3284.0,13.0,63,342.0,151.32722222222222,1549.0,17153417.0
31100000,478448.0,35489.0,1328.0,11.0,52,185.0,41.999722222222225,1555.0,4922523.0
31100000,2326338.0,170198.0,9885.0,16.0,36,330.0,41.99861111111111,1559.0,121523024.0
31100000,553534.0,54675.0,1265.0,12.0,46,331.0,17.99861111111111,1605.0,39588092.0
31100000,916113.0,86324.0,3052.0,12.0,46,331.0,18.00138888888889,1605.0,39588092.0
31100000,959408.0,85904.0,4590.0,9.0,36,280.0,95.00194444444445,1608.0,13242036.0
31100000,306032.0,31181.0,1690.0,8.0,41,287.0,65.99861111111112,1644.0,4322774.0
31100000,130280.0,13239.0,862.0,7.0,55,248.0,42.00055555555556,1663.0,847854.0
31100000,71046.0,8727.0,958.0,5.0,40,172.0,66.99944444444445,1668.0,549795.0
31100000,395120.0,36715.0,3061.0,8.0,44,496.0,137.99805555555557,1669.0,4418692.0
31100000,1200630.0,116645.0,10762.0,20.0,64,342.0,54.0,1675.0,99223947.0
31100000,1237596.0,171596.0,7531.0,20.0,44,332.0,41.999722222222225,1677.0,52962745.0
31100000,549709.0,78940.0,3395.0,8.0,38,427.0,17.995555555555555,1681.0,11439010.0
31100000,1481343.0,132696.0,11690.0,20.0,64,342.0,192.00055555555556,1675.0,99223947.0
31100000,783196.0,103701.0,4958.0,14.0,32,266.0,48.000277777777775,1686.0,16095160.0
31100000,49604.0,4614.0,166.0,8.0,45,257.0,23.999444444444446,1688.0,186087.0
31100000,358064.0,23255.0,940.0,8.0,46,328.0,41.99916666666667,1690.0,18947668.0
31100000,328258.0,25583.0,943.0,10.0,60,342.0,65.99833333333333,1690.0,18947668.0
31100000,333405.0,29479.0,1298.0,8.0,66,348.0,90.00027777777778,1690.0,18947668.0
31100000,433303.0,37931.0,1866.0,8.0,38,217.0,280.0,1684.0,6022978.0
31100000,64892.0,4370.0,134.0,8.0,40,244.0,23.9975,1702.0,206563.0
31100000,957136.0,105479.0,6981.0,50.0,33,282.0,24.016111111111112,1705.0,55685396.0
31100000,573011.0,75283.0,4600.0,11.0,44,434.0,47.99861111111111,1708.0,8456660.0
31100000,126324.0,19361.0,4284.0,6.0,48,261.0,23.99861111111111,1716.0,1365629.0
31100000,818222.0,95265.0,4785.0,52.0,39,274.0,24.000833333333333,1720.0,97721797.0
31100000,31247.0,1973.0,63.0,11.0,63,393.0,24.000555555555554,1723.0,227510.0
31100000,277995.0,18643.0,595.0,7.0,37,240.0,24.00027777777778,1726.0,14288569.0
31100000,31209.0,1915.0,119.0,8.0,89,345.0,24.0,1744.0,54067.0
31100000,373464.0,19307.0,900.0,4.0,36,222.0,61.499722222222225,1746.0,6333925.0
31100000,250004.0,33380.0,2574.0,8.0,50,410.0,24.000555555555554,1772.0,5274481.0
31100000,287682.0,31689.0,1217.0,19.0,42,531.0,39.99916666666667,1793.0,4419954.0
31100000,336399.0,37974.0,1712.0,7.0,37,413.0,18.0,1796.0,10974284.0
31100000,200591.0,25195.0,984.0,5.0,47,394.0,24.00027777777778,1801.0,5962294.0
31100000,254902.0,36258.0,1714.0,5.0,49,396.0,34.000277777777775,1801.0,5962294.0
31100000,250496.0,20124.0,989.0,9.0,70,408.0,40.0,1807.0,1129964.0
31100000,37663.0,2723.0,118.0,6.0,63,371.0,19.499444444444446,1822.0,415949.0
31100000,614109.0,52467.0,2246.0,28.0,44,300.0,78.0,1832.0,56979412.0
31100000,1003586.0,84175.0,7010.0,28.0,44,300.0,102.0,1832.0,56979412.0
31100000,946368.0,85557.0,7459.0,28.0,44,300.0,126.00027777777778,1832.0,56979412.0
31100000,416698.0,55496.0,6507.0,30.0,57,326.0,2.003888888888889,1839.0,30073534.0
31100000,75758.0,7131.0,873.0,19.011019283746556,35,211.0,95.99972222222222,1839.0,101467.0
31100000,198857.0,19347.0,1031.0,11.0,51,477.0,24.00027777777778,1856.0,12067167.0
31100000,535220.0,84174.0,5872.0,5.0,28,415.0,11.880277777777778,1863.0,26444709.0
31100000,142882.0,11149.0,465.0,9.0,67,667.0,33.99944444444444,1871.0,1264564.0
31100000,233089.0,16977.0,923.0,8.0,41,574.0,33.99944444444444,1874.0,4655692.0
31100000,227875.0,13755.0,624.0,9.0,67,668.0,136.00055555555556,1871.0,1264564.0
31100000,382299.0,22764.0,1649.0,8.0,41,573.0,111.99916666666667,1874.0,4655692.0
31100000,2183567.0,233597.0,9304.0,40.0,30,516.0,23.99972222222222,1894.0,3840683.0
31100000,2787735.0,301283.0,14563.0,39.0,24,505.0,24.000833333333333,1894.0,98933109.0
31100000,170656.0,21361.0,813.0,14.0,29,342.0,46.99944444444444,1900.0,2308398.0
31100000,56517.0,3648.0,202.0,16.0,37,466.0,24.0,1919.0,983613.0
31100000,340238.0,32580.0,1210.0,22.0,50,476.0,41.99888888888889,1926.0,3219946.0
31100000,2195028.0,138735.0,10560.0,47.0,42,533.0,30.002222222222223,1926.0,54220119.0
31100000,241712.0,11096.0,433.0,16.0,47,490.0,23.99972222222222,1933.0,913143.0
31100000,2395722.0,211743.0,8811.0,34.0,34,597.0,18.999444444444446,1943.0,7696496.0
31100000,75321.0,3961.0,167.0,12.0,58,513.0,23.999166666666667,1947.0,224586.0
31100000,730794.0,76421.0,3269.0,17.0,43,696.0,24.045555555555556,1954.0,7500058.0
31100000,61584.0,3550.0,268.0,14.0,56,495.0,47.99777777777778,1961.0,201706.0
31100000,65536.0,3203.0,192.0,12.0,48,396.0,47.999722222222225,1968.0,364453.0
31100000,156614.0,13523.0,636.0,16.0,65,400.0,66.00027777777778,1969.0,5120013.0
31100000,193513.0,15286.0,933.0,16.0,65,399.0,90.00027777777778,1969.0,5120013.0
31100000,39069.0,2266.0,119.0,15.0,50,484.0,24.0,1975.0,743943.0
31100000,43449.0,2453.0,120.0,14.0,45,464.0,23.0,1982.0,186850.0
31100000,398850.0,32541.0,2181.0,16.0,44,445.0,67.00138888888888,1990.0,8100525.0
31100000,129053.0,8822.0,539.0,20.0,41,596.0,41.99888888888889,1996.0,228276.0
31100000,236160.0,25117.0,1983.0,23.0,49,502.0,48.00138888888889,1998.0,4793169.0
31100000,33561.0,1963.0,103.0,14.0,53,516.0,42.000277777777775,2003.0,88855.0
31100000,290442.0,21433.0,1336.0,17.0,54,629.0,17.999166666666667,2010.0,5831165.0
31100000,184994.0,14605.0,735.0,19.0,45,628.0,41.999722222222225,2018.0,1648799.0
31100000,141737.0,7875.0,335.0,32.0,45,652.0,48.00083333333333,2024.0,1022822.0
31100000,113243.0,9237.0,713.0,12.0,43,497.0,60.00055555555556,2024.0,1845777.0
31100000,325439.0,27092.0,1589.0,30.0,41,553.0,77.99972222222222,2028.0,38868983.0
31100000,47333.0,2846.0,223.0,22.0,81,715.0,65.99972222222222,2031.0,168446.0
31100000,218690.0,19548.0,1342.0,25.0,46,523.0,101.99972222222222,2034.0,5672758.0
31100000,1030481.0,74823.0,4611.0,49.0,55,954.0,41.99944444444444,2038.0,18794359.0
31100000,401062.0,34575.0,1210.0,44.0,55,833.0,36.0,2046.0,13290298.0
31100000,1063221.0,65201.0,3273.0,54.0,39,505.0,35.99861111111111,2048.0,15701267.0
31100000,1113961.0,64413.0,3835.0,57.0,27,398.0,35.99916666666667,2084.0,83091478.0
31100000,1069501.0,57982.0,3399.0,25.0,36,427.0,25.000555555555554,2094.0,22906132.0
31100000,1634693.0,85633.0,7214.0,25.0,36,426.0,49.0,2094.0,22906132.0
31100000,212117.0,14647.0,408.0,37.0,57,478.0,23.99888888888889,2103.0,1012618.0
31100000,445624.0,26244.0,1018.0,42.0,59,480.0,23.999444444444446,2103.0,27105106.0
31100000,145643.0,11465.0,278.0,37.0,57,479.0,25.0,2103.0,1012618.0
31100000,381034.0,24695.0,1057.0,42.0,59,481.0,25.0,2103.0,27105106.0
31100000,189005.0,13235.0,1323.0,13.0,39,545.0,47.9925,2121.0,3137272.0
31100000,391784.0,18543.0,952.0,37.0,38,393.0,6.999444444444444,2126.0,18120758.0
31100000,602371.0,39769.0,2954.0,37.0,38,393.0,47.99944444444444,2126.0,18120758.0
31100000,50629.0,2208.0,110.0,13.0,51,555.0,36.007777777777775,2130.0,198705.0
31100000,241973.0,8884.0,446.0,26.0,27,325.0,47.99888888888889,2142.0,2130269.0
31100000,456465.0,14561.0,920.0,26.0,37,335.0,83.99944444444445,2141.0,5229851.0
31100000,224705.0,11096.0,681.0,13.0,75,723.0,47.999722222222225,2151.0,2445524.0
31100000,43783.0,2084.0,142.0,14.0,55,360.0,115.99972222222222,2149.0,132050.0
31100000,1548466.0,130417.0,7786.0,46.0,27,395.0,23.99972222222222,2155.0,31280479.0
31100000,84944.0,2682.0,162.0,15.0,46,632.0,7.0008333333333335,2158.0,884178.0
31100000,966990.0,52811.0,3905.0,10.0,40,710.0,48.00111111111111,2172.0,10441978.0
31100000,681555.0,51441.0,3583.0,42.0,41,404.0,33.004444444444445,2189.0,26076745.0
31100000,161966.0,12853.0,703.0,29.0,38,406.0,36.00055555555556,2194.0,2749573.0
31100000,232358.0,19983.0,1649.0,26.0,39,407.0,59.00055555555556,2194.0,3986611.0
31100000,325153.0,15016.0,1128.0,19.011019283746556,59,791.0,36.000277777777775,2200.0,12011197.0
31100000,69027.0,3400.0,290.0,17.0,34,335.0,29.99972222222222,2201.0,374638.0
31100000,1118882.0,67751.0,3799.0,28.0,28,372.0,23.817777777777778,2202.0,69462032.0
31100000,2034568.0,140684.0,11861.0,31.0,35,484.0,24.00027777777778,2204.0,70797828.0
31100000,220547.0,10352.0,1020.0,15.0,67,605.0,29.99972222222222,2207.0,560424.0
31100000,791348.0,73477.0,4686.0,19.0,36,402.0,47.99861111111111,2207.0,11709563.0
31100000,193306.0,12553.0,636.0,7.0,44,616.0,12.001944444444444,2221.0,2456769.0
31100000,194722.0,4268.0,525.0,19.011019283746556,36,536.0,144.00055555555556,2263.0,2435453.0
31100000,782136.0,26912.0,3212.0,8.0,61,715.0,57.99944444444444,2270.0,6127908.0
31100000,60784.0,2776.0,166.0,19.011019283746556,36,631.9834394904459,47.999722222222225,2286.0,393541.0
31100000,84807.0,3871.0,409.0,10.0,41,346.0,12.0,2287.0,719158.0
31100000,237555.0,14981.0,3011.0,16.0,41,341.0,84.00055555555555,2308.0,1473061.0
31100000,193444.0,13979.0,1360.0,5.0,53,353.0,35.99194444444444,2313.0,652708.0
31100000,347296.0,15011.0,1446.0,15.0,61,366.0,84.00083333333333,2315.0,1851846.0
31100000,285559.0,9464.0,791.0,9.0,59,601.0,36.000277777777775,2319.0,772905.0
31100000,1270799.0,69897.0,8668.0,30.0,44,434.0,35.99944444444444,2320.0,41602116.0
31100000,404927.0,17336.0,1333.0,14.0,57,653.0,48.00111111111111,2326.0,1298187.0
31100000,712546.0,30939.0,1439.0,37.0,28,364.0,14.000555555555556,2329.0,76236242.0
31100000,778352.0,38428.0,1932.0,37.0,28,365.0,38.00055555555556,2329.0,76236242.0
31100000,919179.0,44382.0,3394.0,36.0,45,381.0,14.000277777777777,2332.0,46160846.0
31100000,74561.0,2853.0,179.0,6.0,71,604.0,48.00055555555556,2333.0,252919.0
31100000,1003573.0,38736.0,2501.0,25.0,72,781.0,72.00055555555555,2347.0,15768225.0
31100000,4659496.0,216741.0,26521.0,43.0,28,430.0,122.99972222222222,2348.0,78105599.0
31100000,364707.0,16743.0,1438.0,20.0,33,330.0,24.00027777777778,2357.0,13805243.0
31100000,1536503.0,67638.0,5669.0,36.0,42,396.0,24.28638888888889,2377.0,27550429.0
31100000,308541.0,26893.0,3028.0,32.0,39,388.0,10.000277777777777,2399.0,9088256.0
31100000,1060110.0,44904.0,3056.0,39.0,35,417.0,46.000277777777775,2408.0,23519969.0
31100000,337114.0,22784.0,1691.0,16.0,38,2338.0,50.00055555555556,2424.0,7893632.0
31100000,1273240.0,41774.0,2546.0,36.0,55,524.0,48.0,2432.0,28636898.0
31100000,609334.0,36147.0,1636.0,41.0,39,414.0,134.00027777777777,2455.0,15273529.0
31100000,884809.0,43796.0,1700.0,28.0,30,416.0,84.00055555555555,2475.0,56439378.0
31100000,2445202.0,87785.0,4267.0,27.0,30,416.0,151.00055555555556,2475.0,56439378.0
31100000,436515.0,38308.0,3492.0,31.0,48,466.0,60.00055555555556,2481.0,7334643.0
31100000,1237259.0,85011.0,5779.0,54.0,31,571.0,24.000833333333333,2530.0,42464268.0
31100000,1137425.0,37034.0,1434.0,46.0,56,589.0,36.0,2536.0,17272354.0
31100000,1287489.0,56298.0,3351.0,47.0,56,589.0,77.0,2536.0,17272354.0
31100000,1060633.0,52539.0,3539.0,25.0,29,341.0,24.0,2574.0,45430498.0
31100000,309434.0,18759.0,929.0,16.0,48,440.0,36.00055555555556,2586.0,11570949.0
31100000,274922.0,18988.0,1036.0,14.0,48,440.0,60.000277777777775,2586.0,11570949.0
31100000,1013377.0,57448.0,4322.0,21.0,36,504.0,48.00833333333333,2615.0,31933654.0
31100000,3318871.0,92093.0,5549.0,37.0,44,483.0,72.00083333333333,2643.0,49391488.0
31100000,3487520.0,95152.0,7490.0,30.0,45,484.0,83.99972222222222,2644.0,133959768.0
31100000,856811.0,32251.0,1308.0,11.0,43,368.0,36.0,2659.0,19857161.0
31100000,356957.0,16370.0,760.0,14.0,55,408.0,30.00027777777778,2672.0,4940624.0
31100000,1513722.0,78721.0,5346.0,22.0,36,490.0,108.83361111111111,2677.0,21383999.0
31100000,4731896.0,93552.0,5905.0,33.0,40,487.0,99.0,2685.0,118148991.0
31100000,2861645.0,137837.0,7493.0,37.0,32,653.0,24.0,2720.0,138284288.0
31100000,468195.0,23164.0,1017.0,17.0,59,432.0,21.001944444444444,2770.0,5238432.0
31100000,3307990.0,130439.0,3675.0,19.011019283746556,42,433.0,47.99194444444444,2799.0,133075216.0
31100000,536011.0,27600.0,1517.0,22.0,64,559.0,60.0025,2809.0,22439566.0
31100000,622569.0,37060.0,1906.0,24.0,64,559.0,76.00222222222222,2809.0,22439566.0
31100000,528803.0,29695.0,1522.0,24.0,45,342.0,38.99611111111111,2921.0,15026971.0
31100000,639462.0,26353.0,2173.0,48.0,46,802.0,24.005,2935.0,7059521.0
31100000,474891.0,21412.0,1414.0,48.0,52,809.0,24.004722222222224,2935.0,4696920.0
31100000,339435.0,10814.0,762.0,30.0,40,446.0,29.00138888888889,2942.0,1127020.0
31100000,909454.0,43844.0,3253.0,41.0,62,471.0,46.0,2943.0,34153035.0
31100000,330287.0,10204.0,702.0,14.0,39,336.0,42.99944444444444,2970.0,983223.0
31100000,270455.0,11362.0,1384.0,28.0,53,440.0,167.9947222222222,2973.0,936082.0
31100000,2231968.0,62808.0,5296.0,47.0,49,449.0,49.495,2979.0,28730675.0
31100000,2073578.0,96587.0,16995.0,47.0,48,486.0,29.0,2998.0,106697326.0
31100000,1942339.0,100243.0,27383.0,49.0,48,486.0,76.99972222222222,2998.0,106697326.0
31100000,1670306.0,62402.0,6080.0,28.0,33,419.0,96.39944444444444,3011.0,33330278.0
31100000,2953594.0,84608.0,9588.0,29.0,42,44.0,167.00277777777777,3023.0,110075404.0
31100000,996558.0,35209.0,3651.0,23.0,50,964.0,252.0011111111111,3021.0,1972676.0
31100000,585517.0,29268.0,1817.0,25.0,30,292.0,51.99722222222222,3046.0,24964176.0
31100000,1425115.0,44465.0,3229.0,34.0,31,322.0,36.00833333333333,3055.0,50014659.0
31100000,3076327.0,93246.0,7219.0,61.0,34,493.0,604.4822222222223,3112.0,30259043.0
31100000,644323.0,20544.0,2039.0,28.0,40,577.0,28.90972222222222,3181.0,9029180.0
31100000,753231.0,28616.0,2142.0,29.0,32,353.0,143.0036111111111,3237.0,18012025.0
31100000,551529.0,32286.0,3098.0,48.0,56,364.0,15.991388888888888,3253.0,9983438.0
31100000,900979.0,36386.0,4868.0,34.0,32,315.0,47.49916666666667,3320.0,46875734.0
31100000,674209.0,30397.0,3519.0,32.0,56,254.0,55.992777777777775,3370.0,13064467.0
31100000,2596057.0,40084.0,9769.0,29.0,45,286.0,49.96888888888889,3398.0,68243501.0
31100000,1170007.0,37253.0,10741.0,26.0,38,506.0,90.49444444444444,3488.0,23362141.0
31100000,867419.0,27365.0,6950.0,29.0,33,526.0,25.085833333333333,3553.0,24539289.0
31100000,2082709.0,50622.0,13809.0,37.0,45,416.0,160.0325,3596.0,40441150.0
31100000,1154240.0,25038.0,3761.0,29.0,32,397.0,168.00555555555556,3638.0,10318962.0
31100000,1467499.0,35863.0,8463.0,32.0,33,531.0,112.04416666666667,3665.0,19759374.0
31100000,1653638.0,32097.0,7847.0,22.0,31,356.0,78.0,3701.0,35007654.0
31100000,3256861.0,58127.0,23944.0,40.0,34,458.0,234.92944444444444,3744.0,41887666.0
31100000,4466330.0,82785.0,51456.0,46.0,50,494.0,92.57611111111112,3785.0,79204078.0
31100000,4221885.0,34323.0,9644.0,32.0,36,322.0,72.99777777777778,3806.0,139083295.0
31100000,3267150.0,31957.0,6782.0,42.0,44,279.0,373.7266666666667,3803.0,75016996.0
31100000,2241664.0,38142.0,18069.0,29.0,48,329.0,89.02,3887.0,43998647.0
31100000,338292.0,6623.0,1251.0,14.0,29,238.0,50.61555555555555,4021.0,3091922.0
31100000,2306859.0,32440.0,9705.0,38.0,36,481.0,74.13833333333334,4065.0,39534196.0
31100000,3093195.0,17572.0,5118.0,26.0,43,912.0,26.41027777777778,4112.0,19249399.0
31100000,90722.0,1465.0,23.0,34.0,53,369.0,-831.3888888888889,4181.0,4727942.0
31100000,53291.0,1484.0,44.0,22.0,49,338.0,-820.4680555555556,4181.0,7496281.0
31100000,92177.0,1972.0,51.0,22.0,37,318.0,-0.1125,4147.0,11317561.0
31100000,687014.0,3126.0,766.0,14.0,54,280.0,44.69833333333333,4145.0,2416072.0
31100000,2377832.0,17039.0,3768.0,24.0,32,387.0,97.71305555555556,4166.0,66442959.0
31100000,2313049.0,16085.0,3947.0,22.0,35,350.0,92.6925,4226.0,47606148.0
31100000,858245.0,8440.0,1412.0,19.0,46,315.0,114.9186111111111,4261.0,5696674.0
31100000,2296081.0,14127.0,5979.0,9.0,28,450.0,105.92527777777778,4422.0,82538938.0
31100000,193223.0,1429.0,342.0,2.0,27,150.0,32.57555555555555,4446.0,1204599.0
31100000,313946.0,1744.0,346.0,12.0,47,256.0,72.2688888888889,4455.0,1949889.0
31100000,1483711.0,13276.0,3120.0,9.0,45,482.0,121.94472222222223,4568.0,142724271.0
31100000,1492683.0,10797.0,1066.0,5.0,55,521.0,42.99861111111111,4624.0,119605228.0
31100000,7767284.0,22342.0,1411.0,6.0,38,487.0,116.79166666666667,4673.0,139954200.0
31100000,90741.0,730.0,167.0,19.011019283746556,44,253.0,144.0263888888889,4672.0,1084187.0
31100000,30545.0,245.0,37.0,2.0,37,188.0,44.775555555555556,4729.0,58693.0
31100000,575549.0,3288.0,426.0,11.0,27,319.0,24.357777777777777,4755.0,19348092.0
31100000,108069.0,478.0,161.0,9.0,45,178.0,95.99138888888889,4773.0,299507.0
31100000,124799.0,1383.0,98.0,4.0,36,158.0,218.9338888888889,4770.0,2924096.0
31100000,884588.0,2737.0,155.0,5.0,49,308.0,217.69416666666666,4770.0,14256797.0
31100000,411284.0,3361.0,479.0,7.0,37,354.0,62.8525,4819.0,20344081.0
26000000,217461.0,52290.0,1444.0,15.0,38,691.0,61.899166666666666,2.0,3395879.0
26000000,306259.0,65218.0,1862.0,15.0,38,691.0,85.89944444444444,2.0,3395879.0
26000000,2205102.0,353476.0,12179.0,54.0,34,782.0,84.99972222222222,37.0,54308696.0
26000000,1365276.0,289393.0,7272.0,55.0,34,782.0,108.99944444444445,37.0,54308696.0
26000000,2501717.0,229816.0,5615.0,30.0,25,631.0,65.99194444444444,54.0,61914191.0
26000000,2500271.0,275545.0,6606.0,30.0,23,629.0,90.0038888888889,54.0,61914191.0
26000000,143841.0,14342.0,381.0,14.0,33,479.0,35.99916666666667,68.0,354774.0
26000000,140934.0,18334.0,954.0,75.0,27,488.0,23.998055555555556,71.0,991256.0
26000000,262623.0,30745.0,1571.0,75.0,27,488.0,47.99472222222222,71.0,991256.0
26000000,90859.0,12764.0,179.0,75.0,33,494.0,71.99555555555555,71.0,991256.0
26000000,72892.0,8829.0,172.0,2.0,34,495.0,95.99694444444444,71.0,991256.0
26000000,217062.0,31976.0,1193.0,24.0,40,484.0,23.99277777777778,74.0,1357200.0
26000000,60344.0,8439.0,251.0,75.0,36,497.0,120.00027777777778,71.0,991256.0
26000000,234946.0,34694.0,1371.0,24.0,40,484.0,47.99527777777778,74.0,1357200.0
26000000,78691.0,11492.0,377.0,75.0,34,495.0,143.99416666666667,71.0,991256.0
26000000,82197.0,11657.0,309.0,75.0,36,497.0,167.99694444444444,71.0,991256.0
26000000,172494.0,18920.0,690.0,75.0,36,515.0,191.91472222222222,71.0,991256.0
26000000,3162995.0,313517.0,31583.0,34.0,35,710.0,37.0025,79.0,104387297.0
26000000,5111873.0,493891.0,53182.0,34.0,35,710.0,61.00222222222222,79.0,104387297.0
26000000,281135.0,57405.0,1402.0,17.0,37,687.0,41.90277777777778,115.0,3801033.0
26000000,413020.0,90602.0,2587.0,17.0,37,687.0,65.90277777777777,115.0,3801033.0
26000000,5958593.0,475089.0,34420.0,28.0,26,695.0,37.005,142.0,151120533.0
26000000,4317382.0,453954.0,33727.0,28.0,26,695.0,61.00611111111111,142.0,151120533.0
26000000,5542998.0,619449.0,31704.0,55.0,32,765.0,84.99944444444445,240.0,140751377.0
26000000,2012610.0,167069.0,6664.0,31.0,24,687.0,41.99027777777778,263.0,90573926.0
26000000,3593918.0,303265.0,15444.0,31.0,22,685.0,113.99472222222222,263.0,90573926.0
26000000,132623.0,21433.0,535.0,29.0,40,484.0,65.99638888888889,278.0,884519.0
26000000,118041.0,22736.0,876.0,29.0,40,484.0,89.99694444444444,278.0,884519.0
26000000,577352.0,89959.0,3689.0,16.0,43,701.0,41.90361111111111,341.0,21386012.0
26000000,1201717.0,264874.0,8223.0,53.0,37,654.0,66.00027777777778,347.0,20367808.0
26000000,1421815.0,279327.0,7818.0,53.0,40,656.0,65.99944444444445,348.0,101364954.0
26000000,1343900.0,324223.0,10451.0,53.0,38,654.0,209.99944444444444,347.0,20367808.0
26000000,2086326.0,397510.0,15311.0,53.0,40,656.0,233.9986111111111,348.0,101364954.0
26000000,119718.0,11902.0,517.0,14.0,39,492.0,41.999722222222225,362.0,276794.0
26000000,5932025.0,480664.0,19534.0,26.0,30,742.0,48.004444444444445,366.0,133164131.0
26000000,5419425.0,569889.0,23795.0,26.0,30,742.0,72.00416666666666,366.0,133164131.0
26000000,187286.0,30540.0,1334.0,37.0,64,529.0,41.99583333333333,411.0,1194574.0
26000000,254984.0,49901.0,2087.0,40.0,41,508.0,42.00083333333333,432.0,2637568.0
26000000,318966.0,52404.0,2578.0,40.0,57,568.0,41.99944444444444,495.0,4430880.0
26000000,486176.0,46181.0,2612.0,56.0,21,553.0,89.99972222222222,502.0,34862399.0
26000000,508037.0,93069.0,4912.0,42.0,29,520.0,41.99888888888889,572.0,11545560.0
26000000,71487.0,10243.0,399.0,48.0,40,530.0,41.999722222222225,703.0,1355113.0
26000000,79857.0,9428.0,294.0,48.0,40,530.0,66.0,703.0,1355113.0
26000000,1976198.0,368687.0,35627.0,42.0,37,439.0,89.96972222222222,719.0,47781856.0
26000000,1069219.0,200635.0,9944.0,38.0,24,486.0,65.99722222222222,915.0,18194267.0
26000000,2430058.0,305697.0,21705.0,42.0,35,609.0,114.00444444444445,936.0,90673738.0
26000000,2100225.0,335008.0,19806.0,42.0,33,607.0,138.0025,936.0,90673738.0
26000000,786314.0,182414.0,8335.0,48.0,51,584.0,41.999722222222225,962.0,20169343.0
26000000,448800.0,101044.0,3014.0,51.0,43,558.0,18.00111111111111,1052.0,15869897.0
26000000,525222.0,116442.0,3355.0,52.0,39,573.0,66.00027777777778,1069.0,44545735.0
26000000,596112.0,127326.0,4135.0,52.0,39,573.0,89.99944444444445,1069.0,44545735.0
26000000,960273.0,144719.0,4605.0,41.0,53,583.0,89.99694444444444,1104.0,128712349.0
26000000,1223724.0,174127.0,7941.0,41.0,51,580.0,113.99916666666667,1104.0,128712349.0
26000000,406878.0,75130.0,3279.0,40.0,29,489.0,41.99916666666667,1117.0,16558192.0
26000000,1654498.0,297275.0,11507.0,56.0,35,535.0,185.99944444444444,1130.0,69694058.0
26000000,471110.0,77596.0,2986.0,20.0,57,377.0,24.00138888888889,1206.0,7000529.0
26000000,672664.0,127335.0,7226.0,37.0,49,509.0,90.00083333333333,1216.0,13329643.0
26000000,845502.0,160385.0,5929.0,57.0,43,553.0,17.998333333333335,1242.0,68313030.0
26000000,870322.0,171552.0,6667.0,56.0,43,553.0,66.0,1242.0,68313030.0
26000000,1783955.0,267067.0,11025.0,40.0,27,603.0,113.99805555555555,1272.0,59772677.0
26000000,1996876.0,329727.0,17733.0,40.0,25,601.0,138.0,1272.0,59772677.0
26000000,213344.0,22485.0,848.0,26.0,52,341.0,26.00583333333333,1324.0,3419880.0
26000000,211790.0,30434.0,1433.0,26.0,46,336.0,50.005833333333335,1324.0,3419880.0
26000000,1221056.0,182837.0,11183.0,52.0,31,507.0,47.999722222222225,1329.0,165874715.0
26000000,992586.0,166867.0,6990.0,49.0,31,507.0,71.99888888888889,1329.0,165874715.0
26000000,506392.0,81593.0,2946.0,47.0,31,501.0,48.00111111111111,1350.0,43273673.0
26000000,358496.0,62616.0,2241.0,47.0,29,499.0,95.99833333333333,1350.0,43273673.0
26000000,1261465.0,210163.0,11322.0,50.0,31,519.0,90.00027777777778,1440.0,43738813.0
26000000,312570.0,27765.0,1705.0,17.0,37,392.0,114.00055555555555,1446.0,3985154.0
26000000,216255.0,25794.0,1321.0,18.0,35,280.0,15.998055555555556,1514.0,7067967.0
26000000,2834404.0,315932.0,19981.0,40.0,31,503.0,101.89583333333333,1517.0,128320390.0
26000000,332695.0,24115.0,1311.0,56.0,26,381.0,130.0,1621.0,11014567.0
26000000,1798044.0,175423.0,9262.0,49.0,25,434.0,83.995,1860.0,98435015.0
6540000,266431.0,61995.0,2891.0,38.0,33,92.0,24.002777777777776,3.0,7064355.0
6540000,359336.0,82492.0,2996.0,38.0,33,92.0,47.99861111111111,3.0,7064355.0
6540000,1651786.0,273174.0,20433.0,38.0,29,123.0,81.28888888888889,39.0,52144735.0
6540000,4229056.0,450304.0,108330.0,38.0,35,95.0,90.00194444444445,270.0,107161057.0
6540000,2139017.0,361125.0,39541.0,46.0,35,94.0,65.99944444444445,670.0,46367600.0
6540000,2752701.0,389687.0,28010.0,43.0,40,99.0,66.0025,785.0,102680989.0
6540000,2746219.0,363560.0,24246.0,42.0,27,89.0,33.00222222222222,827.0,114952377.0
2670000,41053.0,4809.0,232.0,32.0,38,253.0,46.5025,324.0,4208258.0
2670000,208406.0,30937.0,1032.0,27.0,52,203.0,65.9961111111111,352.0,5836294.0
2670000,3866940.0,319001.0,8883.0,34.0,35,145.0,94.95583333333333,379.0,98724121.0
2670000,3551819.0,310434.0,8310.0,23.0,40,239.0,71.99527777777777,467.0,141131980.0
2670000,298497.0,46084.0,1662.0,23.0,35,209.0,47.93861111111111,471.0,2635950.0
2670000,444485.0,78154.0,2778.0,25.0,32,197.0,33.003055555555555,729.0,5926274.0
2670000,2066402.0,240551.0,7499.0,19.011019283746556,53,177.0,29.815,843.0,62839669.0
2670000,13779032.0,504061.0,9733.0,19.011019283746556,53,177.0,53.994166666666665,843.0,62839669.0
2670000,2481025.0,279939.0,6973.0,19.011019283746556,53,170.0,126.00277777777778,843.0,62839669.0
2670000,32782.0,3993.0,163.0,25.0,51,55.0,95.99972222222222,1012.0,994438.0
2670000,53794.0,4580.0,238.0,22.0,51,61.0,54.00194444444445,1137.0,1195161.0
2670000,61654.0,5452.0,304.0,20.0,51,42.0,126.00083333333333,1137.0,1195161.0
2670000,3714869.0,241113.0,7226.0,15.0,39,136.0,31.495833333333334,1248.0,104533499.0
4000000,367500.0,50093.0,2850.0,16.0,30,87.0,137.99944444444444,130.0,20237318.0
4000000,308629.0,59190.0,1962.0,20.0,53,109.0,90.00027777777778,243.0,11916643.0
4000000,475497.0,40447.0,1477.0,31.0,32,103.0,113.99666666666667,340.0,15486416.0
4000000,127782.0,23665.0,1707.0,20.0,49,99.0,41.992777777777775,593.0,12816312.0
4000000,194467.0,37251.0,2731.0,25.0,46,98.0,89.99916666666667,593.0,12816312.0
4000000,416202.0,64930.0,1817.0,29.0,37,118.0,56.99861111111111,743.0,11991075.0
4000000,491560.0,69334.0,1887.0,25.0,37,118.0,80.99944444444445,743.0,11991075.0
4000000,188156.0,29789.0,1087.0,28.0,33,101.0,33.00277777777778,947.0,25749804.0
4000000,229579.0,30697.0,1302.0,28.0,33,101.0,57.000277777777775,947.0,25749804.0
4000000,337029.0,41439.0,1392.0,28.0,32,148.0,33.005833333333335,961.0,18191376.0
4000000,639206.0,70887.0,2702.0,28.0,32,135.0,57.006388888888885,961.0,18191376.0
4000000,82770.0,9959.0,237.0,24.0,34,46.0,31.998055555555556,1116.0,13270719.0
4000000,83231.0,12583.0,282.0,24.0,34,46.0,31.999444444444446,1116.0,13270719.0
4000000,102579.0,13496.0,326.0,24.0,34,46.0,32.00083333333333,1116.0,13270719.0
4000000,86224.0,12950.0,341.0,24.0,35,47.0,32.00277777777778,1116.0,13270719.0
4000000,255264.0,38424.0,1369.0,20.0,27,35.0,56.00333333333333,1116.0,13270719.0
4000000,295198.0,45570.0,1629.0,13.0,38,45.0,30.000555555555554,1186.0,14463860.0
4000000,214994.0,35045.0,1019.0,13.0,38,45.0,56.00111111111111,1186.0,14463860.0
4000000,1134455.0,147265.0,4932.0,19.0,34,304.0,53.00277777777778,1277.0,26951664.0
4000000,451655.0,46469.0,1559.0,23.0,33,69.0,8.0,1424.0,48070478.0
4000000,800897.0,76774.0,3218.0,23.0,33,69.0,27.66638888888889,1424.0,48070478.0
4000000,592794.0,66193.0,3009.0,11.0,37,57.0,128.00333333333333,1447.0,55998250.0
4000000,567490.0,49555.0,2614.0,10.0,47,329.0,31.99861111111111,1683.0,74049351.0
4000000,820254.0,66317.0,4266.0,10.0,30,318.0,153.00083333333333,1683.0,74049351.0
4000000,845156.0,67619.0,3697.0,6.0,28,323.0,30.00138888888889,1926.0,46095695.0
4000000,1161858.0,85925.0,4793.0,6.0,37,335.0,53.94416666666667,1926.0,35070944.0
4000000,810194.0,45458.0,2938.0,10.0,26,299.0,71.9336111111111,2048.0,37596026.0
8750000,865917.0,138831.0,12177.0,22.0,36,95.0,162.09944444444446,193.0,18637224.0
8750000,1020934.0,178337.0,11531.0,24.0,37,130.0,66.0038888888889,619.0,32132464.0
8750000,509155.0,94883.0,3748.0,34.0,36,93.0,66.00305555555556,656.0,10382313.0
8750000,657721.0,129899.0,7058.0,32.0,36,93.0,90.00111111111111,656.0,10382313.0
8750000,650856.0,97315.0,3150.0,28.0,33,77.0,33.0,1010.0,39194851.0
8750000,846420.0,127513.0,4570.0,29.0,30,77.0,81.00111111111111,1010.0,39194851.0
8750000,1082659.0,139397.0,6728.0,18.0,26,84.0,26.000833333333333,1405.0,42111201.0
8750000,338902.0,33579.0,1301.0,11.0,36,315.0,39.14472222222222,1885.0,14388187.0
8750000,390293.0,41507.0,1531.0,11.0,28,309.0,83.05361111111111,1885.0,8827796.0
545000,83827.0,10210.0,495.0,22.0,36,72.0,122.00277777777778,1019.0,9071573.0
545000,159643.0,14684.0,893.0,11.0,62,37.0,56.00138888888889,1234.0,13197512.0
545000,45858.0,4241.0,268.0,13.0,35,278.0,26.000833333333333,1878.0,1020612.0
545000,74231.0,5770.0,475.0,12.0,47,289.0,38.00055555555556,1878.0,6962566.0
545000,96098.0,5467.0,396.0,12.0,40,280.0,32.00083333333333,2024.0,4147745.0
545000,157450.0,9085.0,865.0,10.0,40,280.0,55.999722222222225,2024.0,2490462.0
14900000,446470.0,41412.0,2652.0,4.0,39,102.0,32.00083333333333,1576.0,29105274.0
14900000,501808.0,38264.0,1170.0,4.0,33,314.0,26.0,1914.0,12054932.0
14900000,771860.0,57998.0,1778.0,4.0,30,313.0,49.99944444444444,1914.0,13252969.0
14900000,3731265.0,134627.0,7350.0,8.0,33,332.0,62.0,2161.0,132618064.0
14900000,3096964.0,45453.0,9499.0,29.0,35,379.0,63.16972222222222,3732.0,61301412.0
14900000,772757.0,15362.0,2356.0,31.0,40,335.0,24.0,3815.0,96851783.0
14900000,1682710.0,18451.0,2434.0,31.0,40,335.0,48.000277777777775,3815.0,96851783.0
14900000,1129675.0,19011.0,2552.0,31.0,40,335.0,72.0,3815.0,96851783.0
14900000,1962747.0,22923.0,5084.0,31.0,35,335.0,95.99972222222222,3815.0,96851783.0
14900000,2855653.0,35490.0,6411.0,31.0,38,335.0,119.99833333333333,3815.0,96851783.0
68800000,1462103.0,225187.0,5009.0,4.0,39,1505.0,119.97027777777778,4.0,3252415.0
68800000,5575176.0,1239846.0,54681.0,4.0,39,2470.0,37.0,16.0,41027435.0
68800000,818257.0,123250.0,2267.0,4.0,81,2398.0,119.99944444444445,18.0,2518238.0
68800000,725886.0,114700.0,3871.0,4.0,81,2399.0,167.99972222222223,18.0,2518238.0
68800000,3169850.0,253763.0,5407.0,4.0,45,2016.0,23.968888888888888,27.0,58493770.0
68800000,2130811.0,180886.0,4188.0,4.0,45,2016.0,71.96888888888888,27.0,58493770.0
68800000,163694.0,18862.0,916.0,4.0,38,482.0,65.635,31.0,4193881.0
68800000,894976.0,161647.0,4094.0,4.0,69,2091.0,24.0,74.0,4397686.0
68800000,1136337.0,202265.0,6750.0,4.0,69,2091.0,48.0,74.0,4397686.0
68800000,250178.0,29103.0,236.0,4.0,32,477.0,48.90138888888889,108.0,304846.0
68800000,1282379.0,27751.0,552.0,4.0,32,477.0,48.90555555555556,108.0,304846.0
68800000,1204080.0,227661.0,5539.0,4.0,53,1897.0,24.000555555555554,115.0,17398144.0
68800000,195235.0,27717.0,241.0,4.0,33,438.0,24.006666666666668,116.0,237444.0
68800000,1316567.0,31876.0,706.0,4.0,33,439.0,24.011388888888888,116.0,237444.0
68800000,1151946.0,256100.0,8086.0,4.0,53,1845.0,72.00083333333333,115.0,17398144.0
68800000,1111173.0,164227.0,3669.0,4.0,42,1709.0,65.96972222222222,117.0,58435816.0
68800000,797454.0,144586.0,2895.0,4.0,42,1709.0,89.97,117.0,58435816.0
68800000,5149949.0,1158262.0,54279.0,4.0,35,2000.0,36.985277777777775,121.0,36693943.0
68800000,1119337.0,194301.0,6216.0,4.0,36,940.0,23.969722222222224,129.0,37080781.0
68800000,3333417.0,382053.0,16901.0,4.0,64,2042.0,41.91888888888889,131.0,27414466.0
68800000,2977455.0,451367.0,19180.0,4.0,64,2042.0,89.91888888888889,131.0,27414466.0
68800000,6606640.0,1505120.0,113580.0,4.0,29,1977.0,36.99916666666667,135.0,58938284.0
68800000,1293097.0,139851.0,4578.0,4.0,47,2955.0,23.969444444444445,138.0,3871489.0
68800000,356118.0,33688.0,1310.0,4.0,49,681.0,44.969166666666666,138.0,20286607.0
68800000,2716056.0,1118409.0,19223.0,4.0,74,723.0,36.99166666666667,156.0,161426297.0
68800000,5153366.0,1403659.0,27568.0,4.0,86,723.0,36.99166666666667,156.0,161426297.0
68800000,3141712.0,1186504.0,22126.0,8.0,79,723.0,36.99166666666667,156.0,161426297.0
68800000,2948277.0,1179569.0,21403.0,8.0,84,723.0,36.99166666666667,156.0,161426297.0
68800000,6715164.0,1472730.0,28604.0,4.0,77,723.0,36.99166666666667,156.0,161426297.0
68800000,3117340.0,1182291.0,17586.0,4.0,81,723.0,36.99166666666667,156.0,161426297.0
68800000,3779535.0,1374958.0,25819.0,8.0,82,723.0,36.99194444444444,156.0,161426297.0
68800000,22080641.0,3568410.0,311044.0,4.0,69,2924.0,60.993611111111115,156.0,161426297.0
68800000,266034.0,28991.0,808.0,4.0,26,342.0,42.007222222222225,163.0,1236750.0
68800000,1330657.0,184640.0,5042.0,4.0,39,1726.0,60.97083333333333,170.0,89251838.0
68800000,1959597.0,258736.0,10176.0,4.0,39,1726.0,84.97027777777778,170.0,89251838.0
68800000,2560404.0,415686.0,22072.0,4.0,51,1699.0,41.98277777777778,187.0,58544812.0
68800000,1161645.0,206951.0,8234.0,4.0,71,1719.0,65.97944444444444,187.0,58544812.0
68800000,830238.0,165057.0,5270.0,4.0,66,1714.0,65.9811111111111,187.0,58544812.0
68800000,981665.0,193953.0,5187.0,4.0,66,1714.0,65.98305555555555,187.0,58544812.0
68800000,1536834.0,276168.0,6368.0,4.0,66,1714.0,89.9811111111111,187.0,58544812.0
68800000,1196224.0,228349.0,6968.0,4.0,65,1713.0,89.98277777777778,187.0,58544812.0
68800000,3275542.0,212865.0,6082.0,4.0,33,2249.0,41.97,194.0,125384585.0
68800000,2863627.0,202585.0,5004.0,4.0,33,2249.0,89.97,194.0,125384585.0
68800000,1091005.0,198525.0,4541.0,4.0,63,1641.0,95.96972222222222,194.0,5129869.0
68800000,1233388.0,234535.0,6134.0,4.0,63,1642.0,143.96916666666667,194.0,5129869.0
68800000,1442322.0,242783.0,10716.0,9.0,42,1440.0,36.97083333333333,212.0,33057845.0
68800000,339996.0,70572.0,2243.0,4.0,38,733.0,15.999722222222223,240.0,2686488.0
68800000,554666.0,46985.0,1797.0,4.0,40,526.0,41.96944444444444,299.0,30575992.0
68800000,649359.0,63486.0,2613.0,4.0,40,526.0,65.96944444444445,299.0,30575992.0
68800000,4291142.0,491514.0,18054.0,4.0,49,1676.0,41.91972222222222,306.0,44316289.0
68800000,1284600.0,283127.0,6631.0,4.0,60,1687.0,89.91527777777777,306.0,44316289.0
68800000,1007661.0,255466.0,5755.0,4.0,62,1689.0,89.91555555555556,306.0,44316289.0
68800000,961353.0,242541.0,4742.0,4.0,65,1692.0,89.91666666666667,306.0,44316289.0
68800000,930560.0,240921.0,5133.0,4.0,62,1689.0,89.91777777777777,306.0,44316289.0
68800000,1391281.0,279622.0,4835.0,4.0,62,1689.0,89.91944444444445,306.0,44316289.0
68800000,1177816.0,282874.0,5290.0,4.0,65,1692.0,89.92,306.0,44316289.0
68800000,1132506.0,280006.0,4625.0,4.0,64,1691.0,89.92083333333333,306.0,44316289.0
68800000,922666.0,157591.0,5469.0,4.0,28,824.0,42.000277777777775,313.0,7763360.0
68800000,870503.0,143427.0,3144.0,15.0,55,1795.0,121.0,347.0,5697977.0
68800000,1081091.0,184492.0,4841.0,4.0,100,1618.0,23.968888888888888,368.0,9320576.0
68800000,1727129.0,245218.0,11052.0,4.0,49,1399.0,36.969722222222224,387.0,80354334.0
68800000,1276592.0,214075.0,11447.0,4.0,49,1399.0,60.969722222222224,387.0,80354334.0
68800000,4988888.0,630343.0,33952.0,4.0,47,2060.0,65.93611111111112,396.0,42191173.0
68800000,2534837.0,561698.0,27750.0,4.0,47,2060.0,113.93611111111112,396.0,42191173.0
68800000,1168811.0,120032.0,6043.0,4.0,49,501.0,45.00111111111111,437.0,23736284.0
68800000,1130118.0,145043.0,8606.0,4.0,49,501.0,69.00138888888888,437.0,23736284.0
68800000,4535882.0,623743.0,21005.0,10.0,45,1934.0,41.96888888888889,452.0,76915096.0
68800000,1398523.0,263013.0,5277.0,10.0,65,1882.0,65.96111111111111,452.0,76915096.0
68800000,1219800.0,256909.0,4065.0,10.0,60,1877.0,65.96277777777777,452.0,76915096.0
68800000,1981587.0,349558.0,7636.0,10.0,60,1877.0,65.96416666666667,452.0,76915096.0
68800000,1797107.0,300350.0,5260.0,10.0,60,1877.0,65.96638888888889,452.0,76915096.0
68800000,1226480.0,270830.0,4245.0,10.0,59,1876.0,65.96916666666667,452.0,76915096.0
68800000,683348.0,104834.0,2553.0,4.0,68,487.0,146.00027777777777,451.0,2262910.0
68800000,1585338.0,311695.0,11371.0,19.011019283746556,60,1496.0,71.96944444444445,495.0,8549931.0
68800000,1296102.0,188180.0,8096.0,6.0,49,554.0,42.000277777777775,512.0,57097354.0
68800000,1364360.0,221049.0,10015.0,28.0,49,555.0,66.0,512.0,57097354.0
68800000,1868249.0,386957.0,16161.0,12.0,39,2311.0,36.96944444444444,520.0,17348558.0
68800000,2771617.0,499580.0,29698.0,12.0,80,1695.0,41.919444444444444,530.0,82804074.0
68800000,2695123.0,512420.0,36106.0,12.0,80,1876.0,65.91833333333334,530.0,82804074.0
68800000,1195798.0,209204.0,7418.0,29.0,59,1225.0,42.00055555555556,533.0,14946324.0
68800000,3036043.0,508794.0,24763.0,6.0,40,1698.0,47.999722222222225,542.0,87388276.0
68800000,2389442.0,469697.0,24229.0,6.0,40,1698.0,71.99916666666667,542.0,87388276.0
68800000,3911581.0,529085.0,49319.0,6.0,46,1954.0,65.9875,565.0,92711443.0
68800000,2891645.0,462819.0,37179.0,6.0,46,1954.0,113.9875,565.0,92711443.0
68800000,727345.0,90005.0,4270.0,8.0,40,1367.0,66.00194444444445,572.0,13378574.0
68800000,570976.0,78310.0,3815.0,8.0,40,1367.0,114.0038888888889,572.0,13378574.0
68800000,344167.0,53776.0,2207.0,6.0,49,410.0,47.99444444444445,577.0,1934671.0
68800000,1772715.0,268300.0,12358.0,6.0,32,499.0,42.001666666666665,589.0,18076717.0
68800000,2001856.0,344169.0,20325.0,6.0,32,499.0,66.00083333333333,589.0,18076717.0
68800000,1246722.0,251088.0,5452.0,11.0,67,1268.0,96.00055555555555,662.0,7724308.0
68800000,1027095.0,214476.0,5412.0,11.0,67,1190.0,120.00055555555555,662.0,7724308.0
68800000,842266.0,189673.0,4218.0,11.0,79,1202.0,144.0,662.0,7724308.0
68800000,855165.0,193051.0,5068.0,11.0,80,1203.0,168.00055555555556,662.0,7724308.0
68800000,918053.0,213404.0,5124.0,11.0,80,1203.0,192.00027777777777,662.0,7724308.0
68800000,893955.0,208985.0,5566.0,11.0,85,1208.0,216.00055555555556,662.0,7724308.0
68800000,1251991.0,278177.0,8636.0,11.0,80,1203.0,240.00055555555556,662.0,7724308.0
68800000,1894152.0,255811.0,9176.0,12.0,35,357.0,119.99277777777777,669.0,3723126.0
68800000,1476782.0,341746.0,11733.0,4.0,54,1487.0,72.0,692.0,43216329.0
68800000,1989105.0,442222.0,21023.0,4.0,54,1487.0,120.00027777777778,692.0,43216329.0
68800000,4032354.0,602424.0,47068.0,6.0,46,1629.0,90.00222222222222,712.0,68246135.0
68800000,3430475.0,588266.0,42262.0,6.0,46,1629.0,138.00222222222223,712.0,68246135.0
68800000,554995.0,134930.0,2440.0,20.0,58,1480.0,23.9975,730.0,30286757.0
68800000,506201.0,137079.0,2771.0,6.0,58,1480.0,23.998333333333335,730.0,30286757.0
68800000,538527.0,148828.0,2169.0,20.0,57,1479.0,23.99888888888889,730.0,30286757.0
68800000,509403.0,144539.0,2352.0,20.0,63,1485.0,23.99972222222222,730.0,30286757.0
68800000,797827.0,193072.0,4507.0,20.0,58,1480.0,24.00027777777778,730.0,30286757.0
68800000,1573671.0,391511.0,11368.0,20.0,43,1466.0,72.00083333333333,730.0,30286757.0
68800000,2874113.0,254261.0,19119.0,9.0,43,1339.0,41.999722222222225,733.0,74446064.0
68800000,2717514.0,264247.0,25837.0,9.0,43,1288.0,89.99944444444445,733.0,74446064.0
68800000,1960463.0,287100.0,9318.0,29.0,44,524.0,90.00027777777778,754.0,66255021.0
68800000,2059900.0,334701.0,12730.0,29.0,44,524.0,114.00027777777778,754.0,66255021.0
68800000,2630379.0,266634.0,34358.0,9.0,44,1149.0,41.999722222222225,852.0,38831628.0
68800000,2734133.0,298929.0,38492.0,4.0,44,1086.0,89.99972222222222,852.0,38831628.0
68800000,1939631.0,276855.0,10733.0,6.0,48,483.0,66.0,873.0,104488310.0
68800000,1904138.0,287516.0,11385.0,6.0,48,483.0,90.00027777777778,873.0,104488310.0
68800000,1810197.0,411392.0,15830.0,21.0,48,1450.0,28.00027777777778,892.0,35910220.0
68800000,2092422.0,433466.0,16959.0,21.0,48,1450.0,51.99916666666667,892.0,35910220.0
68800000,3987435.0,640797.0,37222.0,21.0,73,1706.0,138.0,908.0,68285908.0
68800000,3943732.0,715740.0,27462.0,21.0,73,1706.0,186.0,908.0,68285908.0
68800000,1543172.0,297239.0,7244.0,21.0,85,1598.0,257.9886111111111,908.0,68285908.0
68800000,1310618.0,268763.0,6650.0,21.0,91,1605.0,257.99444444444447,908.0,68285908.0
68800000,1628360.0,355100.0,8765.0,21.0,86,1600.0,257.9997222222222,908.0,68285908.0
68800000,1919461.0,385731.0,9896.0,21.0,86,1599.0,281.995,908.0,68285908.0
68800000,3469227.0,549296.0,15618.0,21.0,86,1600.0,282.0,908.0,68285908.0
68800000,2697968.0,315587.0,20219.0,20.0,53,831.0,114.0,1013.0,27679213.0
68800000,842077.0,118430.0,2282.0,25.0,63,1185.0,23.999444444444446,1080.0,25895936.0
68800000,951432.0,158286.0,2590.0,25.0,62,1185.0,24.998333333333335,1080.0,25895936.0
68800000,830272.0,142095.0,2226.0,25.0,68,1190.0,25.99972222222222,1080.0,25895936.0
68800000,1119555.0,175382.0,3183.0,25.0,63,1186.0,26.999444444444446,1080.0,25895936.0
68800000,1131894.0,179841.0,5159.0,25.0,63,1186.0,119.99694444444444,1080.0,25895936.0
68800000,591073.0,89760.0,1373.0,25.0,61,1747.0,13720.967222222222,520.0,17348558.0
68800000,532873.0,93395.0,2136.0,25.0,66,1752.0,13744.965833333334,520.0,17348558.0
68800000,599053.0,112607.0,1510.0,25.0,60,1746.0,13768.968611111111,520.0,17348558.0
68800000,766407.0,137516.0,1877.0,25.0,61,1747.0,13792.966388888888,520.0,17348558.0
68800000,877622.0,162166.0,3837.0,25.0,61,1747.0,13816.968333333334,520.0,17348558.0
68800000,3134279.0,506604.0,24603.0,27.0,68,1647.0,113.99555555555555,1118.0,112217431.0
68800000,2884917.0,532327.0,23276.0,27.0,68,1648.0,186.0,1118.0,112217431.0
68800000,3264579.0,520768.0,18318.0,24.0,58,988.0,-167.99972222222223,1298.0,101984579.0
68800000,2312885.0,423924.0,8621.0,24.0,55,891.0,23.999444444444446,1298.0,101984579.0
68800000,2414237.0,439383.0,12799.0,24.0,55,950.0,47.999722222222225,1298.0,101984579.0
68800000,5556895.0,712815.0,38274.0,24.0,59,944.0,138.0,1349.0,157704015.0
68800000,5808407.0,779214.0,52469.0,18.0,59,944.0,161.99972222222223,1349.0,157704015.0
68800000,4212958.0,413677.0,12234.0,7.0,33,33.0,119.99388888888889,2540.0,113673646.0
68800000,50261.0,2609.0,263.0,7.0,35,35.0,23.97861111111111,2567.0,358310.0
68800000,108102.0,3589.0,118.0,7.0,34,34.0,45.99805555555555,2599.0,241650.0
68800000,3273247.0,311419.0,8792.0,5.0,38,96.0,144.00444444444443,2754.0,12936683.0
68800000,1997368.0,196178.0,4988.0,4.0,39,196.0,142.99722222222223,3007.0,108730239.0
68800000,1784462.0,189854.0,5256.0,4.0,39,196.0,190.99833333333333,3007.0,108730239.0
68800000,47964.0,1806.0,47.0,6.0,52,90.0,36.05,3035.0,269348.0
68800000,115144.0,3082.0,134.0,7.0,51,93.0,60.028888888888886,3035.0,269348.0
68800000,1444126.0,179739.0,4303.0,4.0,48,135.0,96.0,3142.0,48675311.0
68800000,1708274.0,171171.0,3756.0,4.0,46,184.0,46.00222222222222,3196.0,61320244.0
68800000,1034484.0,138217.0,2368.0,7.0,36,170.0,36.00555555555555,3350.0,108525031.0
68800000,1161625.0,158831.0,2876.0,4.0,36,170.0,120.00888888888889,3350.0,108525031.0
68800000,142709.0,5521.0,105.0,19.011019283746556,28,52.0,83.9925,3384.0,1061561.0
68800000,2708607.0,418589.0,12493.0,6.0,46,196.0,2244.0,3350.0,108525031.0
68800000,4286055.0,673340.0,22941.0,7.0,46,198.0,2316.0066666666667,3350.0,108525031.0
68800000,40333.0,1152.0,103.0,8.0,64,87.0,97.29972222222223,4289.0,927727.0
